domain,site_type
chfs.ky.gov,state_local_public_health
dchealth.dc.gov,state_local_public_health
dhhs.ne.gov,state_local_public_health
dhhs.nv.gov,state_local_public_health
dhss.alaska.gov,state_local_public_health
dhss.delaware.gov,state_local_public_health
doh.dc.gov,state_local_public_health
doh.sd.gov,state_local_public_health
dph.georgia.gov,state_local_public_health
dphhs.mt.gov,state_local_public_health
health.hawaii.gov,state_local_public_health
health.mo.gov,state_local_public_health
health.ri.gov,state_local_public_health
health.wyo.gov,state_local_public_health
healthvermont.gov,state_local_public_health
ibis.health.utah.gov,state_local_public_health
idph.iowa.gov,state_local_public_health
ldh.la.gov,state_local_public_health
msa.maryland.gov,state_local_public_health
msdh.ms.gov,state_local_public_health
new.dhh.louisiana.gov,state_local_public_health
nmhealth.org,state_local_public_health
public.health.oregon.gov,state_local_public_health
secure.in.gov,state_local_public_health
tn.gov,state_local_public_health
www.adph.org,state_local_public_health
www.alabamapublichealth.gov,state_local_public_health
www.azdhs.gov,state_local_public_health
www.cdph.ca.gov,state_local_public_health
www.colorado.gov,state_local_public_health
www.ct.gov,state_local_public_health
www.dhhr.wv.gov,state_local_public_health
www.dhhs.nh.gov,state_local_public_health
www.dhhs.state.nh.us,state_local_public_health
www.dhmh.maryland.gov,state_local_public_health
www.dhs.wisconsin.gov,state_local_public_health
www.dhss.delaware.gov,state_local_public_health
www.doh.wa.gov,state_local_public_health
www.dshs.state.tx.us,state_local_public_health
www.floridahealth.gov,state_local_public_health
www.health.ny.gov,state_local_public_health
www.health.pa.gov,state_local_public_health
www.health.ri.gov,state_local_public_health
www.health.state.mn.us,state_local_public_health
www.health.utah.gov,state_local_public_health
www.health.wyo.gov,state_local_public_health
www.healthandwelfare.idaho.gov,state_local_public_health
www.healthy.arkansas.gov,state_local_public_health
www.idph.state.il.us,state_local_public_health
www.in.gov,state_local_public_health
www.kdheks.gov,state_local_public_health
www.maine.gov,state_local_public_health
www.mass.gov,state_local_public_health
www.michigan.gov,state_local_public_health
www.msdh.state.ms.us,state_local_public_health
www.ncalhd.org,state_local_public_health
www.ncdhhs.gov,state_local_public_health
www.ndhealth.gov,state_local_public_health
www.odh.ohio.gov,state_local_public_health
www.ok.gov,state_local_public_health
www.oregon.gov,state_local_public_health
www.scdhec.gov,state_local_public_health
www.state.nj.us,state_local_public_health
www.tn.gov,state_local_public_health
www.vdh.state.va.us,state_local_public_health
www.vdh.virginia.gov,state_local_public_health
